Model,RMSE,MAE,R2
RandomForest,89.19547632892859,69.56919357045143,0.3214771567710043
LinearRegression,87.66890400004473,68.67036001246898,0.34450411524825675
